company,job,job_type,publication_date,city,country
Siemens,Verification and validation engineer for embedded device,external,2023-01-25,Brno, Czech Republic
Bank of America,Financial Center Manager - Temple Financial Center,external,2023-09-08,Philadelphia, PA
Cisco Meraki,IoT TSA - Commercial,external,2023-06-09,Research Triangle Park, NC
SpaceX,Wastewater Treatment Specialist (Starlink),external,2023-10-10,Lockhart, TX
Siemens,Laboratory Automation Informatics Specialist- Southeast,external,2023-04-21,Tarrytown, NY
Siemens,Field Service Engineer,external,2023-05-13,Louisville, KY
Uber,Customer Support Representative -  Croatian speaker,external,2023-10-18,Krakow, Poland
Siemens,Service Manager for PKI Services (m/f/d),external,2023-04-27,Bern, Switzerland
Siemens,Team Lead Cloud Success Architecture,external,2023-05-31,Środa Wielkopolska, Poland
Bank of America,Relationship Banker - Washington Park Financial Center,external,2023-09-19,Providence, RI
Siemens,evosoft - Senior C# developer,external,2023-04-21,Szeged, Hungary
WithumSmith+Brown,Construction Experienced Audit Associate,external,2023-10-19,New Brunswick, NJ
Brilliant Earth,"Customer Experience Assistant, Retail Sales",external,2023-10-11,Charlotte, NC
Samsara Inc.,Account Development Representative - EST/CST,external,2023-10-19,Flexible / Remote,
Siemens,召募令！西门子神秘岛探索之旅- 8月夏季峰会 (北京总部) ,external,2023-03-30,Beijing, China
Siemens,"DOD SkillBridge Internship - Technical Sales - Seattle, WA",external,2023-04-29,Bellevue, WA
Siemens,Energy / Performance Engineer 60-100%,external,2023-03-23,Luzern, Switzerland
Cisco Meraki,Sales Specialist Collaboration - Greece,external,2023-06-27,Athens, Greece
Bank of America,Client Services Rep II - Retail 1st Shift Spanish,external,2023-09-13,Las Vegas, NV
Bank of America,Private Wealth Client Associate,external,2023-09-22,Rochester, MA
